"Delete Master, Brain Puzzle"
Girls Nail Salon - Nail Games iOS
Thief Troll - iOS
Doll Dress Up: Sweet Girl - IOS
Fish IO: Be the King - IOS
Draw Bridge Puzzle - IOS
Save The Pets - iOS
Cat Rescue - iOS
Color Paint ASMR - iOS
Save the Dog: Draw To Save-iOS
Shape Shifting - iOS
Lightsaber: Scifi Simulator - iOS
Hair Salon: Beauty Salon Game - iOS
Block Puzzle - Gem Block-ios
Snow Race: Snow Ball. IO - iOS
Yoga Run: Flex Master - IOS
Magic Princess - Doll 2 iOS
Sweet Paper Doll: Dress Up DIY - iOS
Sweety Doll: Dress Up Games - iOS
"Save Prisoner, Escape Story - iOS"
Fashion Quest: Dress Up Runway - iOS
Love Archer: Romance Story - iOS
Burger Shop: Tycoon Idle - iOS
Chibi Doll: Dress Up Games - iOS
Countryballs - Zombie Attack - iOS
Call Santa Claus - Prank Call-ios
Paper Princess - iOS
Red & Blue Stickman: Adventure
Swing Hero: Superhero Fight-IOS
Anime Dress Up - Doll Dress Up-IOS
Countryballs: Mad Battle-CN
Watermelon Drop: Fruit Merge-IOS
Animal Shifting: Transform Run-IOS
Draw To Break: Logic Puzzle - iOS
Bubble Tea DIY: ASMR Simulator - iOS
Left or Right: Women Fashions - iOS
Paper Doll Makeover & Dress Up - iOS
Flag Coloring Puzzle - iOS
Flag Painting Puzzle - IOS
DIY Phone Case Maker - IOS
Empire Of Warriors - IOS
Dream Supermarket: 3D Shop - IOS
Nuts & Bolts Woody Puzzle - IOS
The Ink Shop - IOS
Draw Funny Story: DOP Puzzle - IOS
Satisplay: Make It Perfect Fit
Fashion Beauty: Makeup Stylist - IOS
Anime Couple: Avatar Maker - iOS
Satismoment
Spray Coloring - iOS
Draw One Line: Drawing Puzzle - iOS
Shop Cashier Simulator 3D
Paper Doll Diary: Dress Up DIY - iOS
Merge Fruit 3D: Sweet Merge - iOS
Tap Hexa Out - Tap It Away
Tricky Puzzle: Erase One Part
Wood Carving: Wood Cutting 3D
Nuts & Bolts Game: Wood Puzzle - iOS
Rope Tangle: Untie The Knot - iOS
Bus Traffic: Parking Mania
Spot Hidden Cat: Find it out - iOS
Real Car Driving 3D
Spooky Beats Maker: Horror Mix - iOS
Single Line: Drawing Puzzle - IOS
TruckFest: Cooking Game - iOS
3D Acrylic Nail: Nail Art Game - IOS
Knots Jam: Thread Puzzle 3D
Pencil Jam: 3D Untangle Puzzle - iOS
Slide Color Block: 3D Puzzle - iOS
Dessert Maker: DIY Ice Cream
Mega Parkour: Obby Escape Run
Block Puzzle Slide: Block Jam - iOS
Idol Livestream: Doll Dress Up - IOS
Goods Mix! Sort Puzzle Game
Coffee Match: Block Puzzle - IOS
Brainrot Merge - Drop Puzzle - IOS
Pretty Tidy ASMR - iOS
Princess Rescue Save Girl - iOS
ASMR Girl: Livestream Mukbang - iOS
Merge Brainzott War Fight - iOS
Tralalelo Mukbang ASMR Game - iOS
Silly Guys Race: Fall & Run - IOS
Yarn Fever! Unravel Puzzle - ios
Aqua Jump: Color Drop Puzzle - IOS
Color Sand Puzzle
Venzario
Yarn Sort Master: Knit Puzzle - IOS
Snake Puzzle: Slither to Eat! (IOS)
Sand Sorting Challenge - IOS
Boomerang Cat Adventure
ASMR Makeover: Makeup Artist
Gun Shooter: Stickman Gun Game
Time Bomb & Gun Simulator
Ragdoll Break Bones: Destroy!
Bus Sort Frenzy: Car Puzzle
Coloring The Flag Puzzle
AI Mix Lab - Fusion Generator
Annoying Poppet: Punch Game
Brainrot Mini Games Challenge
Brairot Hidden Sniper
Capy Escape: Hide & Seek Game
Chase Tralalero: Memes Room
Dalgona Honeycomb Candy Master
Backyard Dig Hole 3D Simulator
DOP Puzzle: Draw Maxs Story
Emoji Matching Game
King Fish.IO
World Flags: Color Puzzle
Brain Line Puzzle
ASMR Girl: Livestream Mukbang
Girls Nail Salon Simulator
Guess Brainrot: AI Meme Quiz
Haunted Tung Tung Sahur 3D
Horror Multiplayer Game: REPA
Horror Obby Run: RPO Escape
Hunt Tung Tung: Brainnot Chase
Idol Live: Star Dress Up Game
Ink Tattoo ASMR Studio
Kawaii Couple: Anime Avatar
Lisa's Dress Up Story
Meme SoundBoard & Brainzot AR
Meme call: Fake Chat & Call
Meme Grab & Go
Meme God : Steal and Run
Merge Brainzoot War Fight
Monster Chase Survival
Monster Hunt: Run And Seek
My Garden Journey
Obby Escape: Prison Rat Dance
Obby Race: Rainbow Parkour
One Line Drawing Mini Games
DIY Phone Case Maker - new
456 Prison Prank Call & Chat
Prison Challenge: Run Survival
Obby Challenge: Prison Run
Rainbow Run - Obby Survival
Rat Dance Escape: Survival 456
Run Survival Challenge: Escape
Shape Transform Race
Emoji Archer - Shooting Emoji
Slap Obby Tower: Troll Run
Smash Dog: Draw Puzzle
STAR Guys Race: Run Together
Stickman Duel: Epic Knockout
Sticky Memo - Ripping Game
Sticky Note: Ripoff Hidden Art
Survival Run 456: Escape Game
Swing Hero: Rope Fighter
Tailor Stylist: Fashion Diary
Tank 1990 - Battle Legend
Tap to Color: ASMR Coloring
Trading Card Shop 3D
Tralala Guys Race: Fall & Run
Tung Sahur Bots Chase Room
Bombardiro Meme Survivor
Tralalelo Mukbang ASMR Game
Uncle Hit: Punch the Dummy
Flag Painting Puzzle
Nuts & Bolts: Color Sort Game
Fashion Star: Idol Dress up
Goods Matching 3: Sort Master
My Hotel Story - Idle Game
Dream Hospital Idle Game
Letter Attack: Battle game
Paper Doll Dress up: DIY Doll
Brainrot Merge - Drop Puzzle
Animal drop: Capy merge puzzle
Animal Shifting: Transform Run
Anime Couple: Avatar Maker
Anime Dress Up: Fashion Battle
Anime Doll - DIY Cosplay Girl
Anime Girl Dress Up & Makeup
Animerge - Mix & Merge Animals
US Bus Simulator - Bus Games
City Driving Car Simulator 3D
"All Document Viewer: Word, PDF"
ASMR Makeover & Makeup Studio
Stickman Battle - Monster Craft
QR Scanner & Barcode Reader
Battery Charging Theme
Beauty Camera - Sweet Selfie
Beauty Sweet Plus - Beauty Cam
Block Puzzle - Block Master
Block Puzzle Games: Cube Blast
BMX Cycle 3D: Stunt Race Game
DIY Boba Recipe - Bubble Tea
Body Race - Girlfriend Running
Bored Ape Makeover: NFT Art
Bottle Flip - Bottle Jump 3D
Brain Quiz: DOP Story Games
Max VPN Proxy
Lich Am - Lich Van Nien 2023
Prank Sounds: Air horn & fart
Assassin Commandos 2
Ball Sort Puzzle
Blocks Sliding: Falling Puzzle
Ammo Stack: Bullet Running
Gun Sound & Time Bomb
Alphabet Impostor Survivor 3D
Rainbow Impostor Survivor
Physics Dots: Brain Puzzles
Brain Pocket
Bubble Tea DIY
Bubble Shooter
Slice Master
Burger Game - Burger Shop
Taser Gun: Real Gun Sounds
Prank Simulator
Shock Taser: Prank Simulator
Cat Blocks Sliding
Cat Rescue: Draw 2 Save
Cat Rescue - Draw To Save - Huawei
Cat Rush Puzzle: Draw To Run
Charming Hair Salon
Color Imposter
Alphabet Coloring
Color Paint ASMR
Color & Paint
Cyber Hunter: Shooting Squad
Clean Phone: Deep Booster
Dicedom Merge
T-rex Jump - Dinosaur Run
Doll Dress Up: Sweet Girl
Doll Dress Up - Huawei
Draw Bridge Puzzle - Draw Game
Draw The Road
Draw Bridge-huawei
Draw To Ride - Bridge Drawing
Save Wednesday - Draw & Save
Draw To Save
Paper Doll: Dress Up
Paper Doll: Dress Up - Doll 4 Huawei
Drop Number
Sudoku - Classic Puzzle
Falling Blocks: Sliding Puzzle - Huawei
Falling Blocks: Sliding Puzzle
Fashion Battle: Dress Up Girls
Fashion Quest: Dress Up Runway
Differences - Spot & Find Game
Fish IO
Racing Bulldozer: Car Race
Guess Drawing
Gun & Bomb Sounds Simulator
Black Hole Attack: Hungry Hole
Hair Salon: Beauty Salon Game
Hair Salon: Beauty Salon Game - Huawei
Helix Stack Jump
Imposter Clash - Android
Latto-Latto
Saber Simulator
LightSaber - Gun Simulator
Love Archer
Chibi Doll: Dress Up Games
Magic Princess: Dress Up Doll
Magic Princess - Doll 2 Huawei
Merge Imposter Master
Merge Imposter - Alien Battle
Merge Alphabet Lore
Merge Rainbow Friend
Merge Master: Monster Battle
Merge Master - Huawei
Merge Black Stickman
Merge Stickman Warrior
Merge Master : Legend Stickman
Monster Arena: Snake io
Monster Buster
Tank 1990 - Battle City
Ninja Assassin 3D
Classic Number Puzzle: Jigsaw
Onet Puzzle - Tile Matching
Parking Jam - Car Puzzle Game
Pixel Paint: Color By Number
Princess Dress Up
Rainbow's Doctor: Dentist Game
Magic Hands: Rainbow Friends
Rainbow Friends Survivors
Rainbow Monster Maze - 3D Race
Stickman Warriors Duel
Rolling Ball
Save the Dog: Draw To Save
Save The Pets
Save The Pets - Huawei
Shape Shifting
Rush Shape Shifter - Huawei
Snow Race: Snow Ball.IO
ASMR Spa: Salon & Beauty
Woody Block Puzzle Classic
Stack Blocks
STAR Guys
Stick Fight: Monster Tower War
Tycoon Venture-Idle Restaurant
Imposter Arena
Toilet Rush: Draw to Pee
Wood Block Sudoku
Wood Sliding
Wuggy Playtime: Troll Monster
X2 Blocks - 2048 Merge Game
Yoga Master
Yoga Master - Huawei
Bubble Tea Simulator
Bubble Tea Recipe & Simulator
Bus Driving Simulator 3D Games
Bus Madness: Bus Color Sort
Candy Merge Puzzle: Candy Drop
Car Parking 3D: Traffic Jam
Racing Master 3D: Car Race
Car Run: Traffic Driving Game
Bus Parking Game - Car Sort
Car Sounds - Engine Simulator
TCG Card 3D Store Simulator
3D Block Gladiator: Sword Draw
Idol Livestream: Doll Dress Up
Chat Game: Truth or Lie
Kitchen Frenzy: Chefs Cooking
Call Santa Clause - Prank Call
Call Santa Claus - Prank Call
Find My Phone By Clap & Flash
Weapons Clean: Run & Shoot
Color Book: ASMR Painting
Tap To Color: Painting Book
Color Book ASMR: Color It
Connect Blocks: Line Puzzle
Cooking Dash: Restaurant Story
Mini Fidget Toys & Pop it Game
TruckFest: Cooking Game
Draw To Crash: Banana Cat
Draw To Crash: Smash Angry Egg
Draw To Crush: Draw Puzzle
Cryptogram Puzzle Quote Master
Cupidâ€™s Story: Love Archer Bow
Darling Doll: DIY Paper Doll
DOP Delete Stories: Erase Game
Delete Master 2
Devil Run Again: Troll Level
Dinosaur Shifting Run
DIY Phone Case Maker
Dog Understand: Translator Dog
Doge Die Again: Troll Game
Doll Decor & Dress Up Game
Anna's Story: Dress Up DIY
Anime Dress Up - Doll Dress Up
Paper Doll Makeover & Dress Up
Draw One Line: Break To Rescue
AR Drawing Paint Art & Sketch
Drawing Puzzle: One Line Game
Sketch Easy: Draw Sketch
Emoji Maker - Mix & Match Icon
Fake Call - Prank Call & Chat
Prank Call - Fake Call & Chat
Monster Simulator - Prank Call
Fake Video Call - Prank Call
Fashion Doll: Chibi Girls
Fashion Stylist: Dress Up Game
Rider 3D Bike Racing Games
Filter Challenge - Mini Games
Fish Master - Go Fish
Flag Drop: Nation Flag Puzzle
Flashlight - Flash Call
Toss and Merge: Fruit Mount
Bus Match Puzzle: Bus Shuffle
Craft Battle: Card Fight
Wood Hexa Match: Stacking Game
Pet Jam 3D
War of Tiny Warriors
Goods Sorting Master 3D
Real Highway Car Racing Game
Classroom Chaos: Prank Time!
Sausage Jump: Flip N Tap
Girls Nail Salon - Nail Games
Goods Match 3: Sorting Puzzle
GPS Tracker Phone Locator
GPS Tracker & Location Sharing
Beauty Salon: Fashion Life
Hair Clipper: Fun Prank Sounds
Help the Ball: Hide & Save
Hexa Master 3D: Sort Puzzle
Hexa Pile: Hexagon Games
Hide and Seek: Transform Props
Ragdoll Dismount - Android
Horror Beat Box: Music Scary
Horror Music Play Full Mods
Idol Livestream: Dress Up Game
Idol Livestream: Fashion Game
Zombie Survivor - Imposter Era
Ink Shop: Dress & Tattoo Games
Block Puzzle-Gem Block
Merge Hero
Merge Master: Stick War Legacy
Jim's World: Adventure Games
Survivor: Who Falls Last?
Merge Fruit 3D: Sweet Merge
Bubble Tea - Android
Kawaii Doll: Avatar Maker
Knit Frenzy: Sort Saga Puzzle
Launcher 2024 - Launcher OS 18
Style Star: Left Right Fashion
Left Or Right: Dress Up Diary
Left or Right: Women Fashions
Lie Detector Scan - Prank App
Draw 1Line Puzzle Game
Little Doll: Beauty Dress Up
Calculator - Hide App
Long Dog: Draw To Win
Web Master: Super Hero Fight
Swing Hero: Superhero Fight
Melon Drop: Fruit Merge Master
Merge Animals Gen - AI Games
2248: Merge Numbers Puzzle
Merge Toilet: Horror Battle
Mosquito Fight: Number Battle
Moto Race GP: Real Bike Rider
Mukbang Stream: Eating ASMR
Cake Decorate
Nextdoor Monster in Chase Room
Countryballs - Zombie Attack
Nuts & Bolts Puzzle: Screw Pin
Nuts & Bolts Game: Wood Puzzle
Nuts Jam - Screw Puzzle
Nuts & Bolts: Wood Puzzle Game
Paper Doll Diary - Chibi Dolls
Lisa's World: Paper Doll Story
Paper DIY - Makeup Change ASMR
Paper Princess - Doll Dress Up
Paper Doll Diary: Doll Dress Up
Fashion Paper Doll: Dress Up
Animal Dental: Dentist Games
Pin Away Puzzle - Tap It Out
Prank Call & Fake Chat
Broken Screen Prank
Pretty Tidy - ASMR Organizing
Anime Avatar Maker: Anime Doll
Beauty Salon & Makeover Game
Little Princess Dress Up
Brick Doom
Watermelon Drop: Fruit Merge
Watermelon Puzzle: Planet Drop
2248 - Numbers Game
Hexa Slide Away: Tap Hexa
Bullet Run Rush: Bullet Shoot
Robot Invasion
Rope Tangle: Untie The Knot
Video Call Santa: Prank Call
Satismoment - Android
Save The Ball: Ball Survivor
Scary Music: Horror Beat Maker
Nuts And Bolts Jam: Screw Jam
Screw Master: Nuts & Pin Jam
Screw Pin: Nuts & Bolts Puzzle
Screw Pin Sort: Nut Jam 3D
Block Bust: Block Puzzle Games
Shape Transform: Shifting Run
Merge Gun Idle: Shooting Games
Cat Life Simulator: Devil Cat
Vape Simulator & Taser Gun
Single Line: Drawing Puzzle
Slap Fight: Slap Kings
Control Magic Center
Draw To Break: Draw Puzzle
Enemies Smash - Defense Game
Sniper Mission
Fart Sounds & Haircut Prank
Spooky Beats Maker: Horror Mix
Spranky Video Call & Chat
Spray Paint - Coloring Games
Call Theme: HD Call Screen
Stickman Run - Transform Games
Color Call Screen: Call Themes
Supermarket 3D Game
Happy Supermarket 3D Simulator
Prison Run: Survival Challenge
Run Survival: Challenge Game
Tap Block Off: 3D Block Puzzle
Tasty Boba Tea: DIY Boba Drink
Eating Planet: Eat Them All
Mini Car Runner - Meme Games
Princess Dental: Dentist Games
Robot TV Invastion: Suvivors
Party Mini Games - Multi Games
My Life Story Simulator
Color Phone: Call Screen Theme
BeautyTheme: Icons & Widgets
TickTuck Games Challenge
TickTack Challenge: Time Trial
Tidy Master: Perfect Organize
Touch Alert: Anti-Theft Phone
Don't Touch Phone - Anti Theft
Help Me: Tricky Puzzle Games
Twisted Rope: Tangle Puzzle
Unscrew Nuts: Puzzle Game
Vape & Lighter Simulator
Prank Video Call - Fake Call
Virtual Vape'n Pod Simulator
Lich Van Nien 2024
Live 4K Wallpaper: Magic Fluid
Magic Wand - Wizard Simulator
Color Water Sort: Water Puzzle
Color Water Sort: Puzzle Game
Watermelon Puzzle - Fruit Drop
Weapons Run - Shooting Gun
Swing Monster: Decisive Battle
Wifi Tools: Wifi Password Show
Wood Block Jam: Slide it Out!
Wood Nuts Game: Unscrew Puzzle
Wood Screw Master: Nuts Bolts
Flex Yoga - Flexy Run Master
Voice Changer & Effects
Zipper Wallpaper: Lock Screen
Master Rider: Builder Racing
Flappy Country Ball: Hoop Game
Kiki World: Kawaii Doll Decor
Die Devil: Troll Game Again
Merge and Dig: Miner Merge
Draw Funny Story: DOP Puzzle
Bridge Draw: Car Bridge Puzzle
Draw Puzzle: Smash Angry Dog
Drink Bubble Tea Simulation
Find Hidden Cat: Spot It Meow!
Dress Up Doll: Chibi Makeup
Prank Time Bomb Simulator
Block Master: Block Game
Scary Prank Calls & Fake Chat
Trap Enemies: Crush the Zombie
Magical Diary: Paper Dress Up
Santa Claus Prank Call & Chat
Trick Your Brain Puzzle
Dream Supermarket: 3D Shop
Traffic Jam Game: Car Parking
Jewel Blast: Gem Block Puzzle
Long Arm Stickman Adventure
Help The Bro: Save Fun
Merge Stickman
Merge Master - Fusion War
Fruit Stack Puzzle: Merge Game
Naughty Cat: Virtual Cat Chaos
Nuts Bolts Puzzle: Screw Game
Girl Hair Salon & Dress Up
Pencil Jam: 3D Untangle Puzzle
Adventure Of Warriors
Block Puzzle Slide: Block Jam
Block Slide Puzzle
Blossom Jam: Triple Match 3D
Woody Nuts & Bolts Puzzle
Brainrotted Meme: Merge Puzzle
Brainzot Drop: Animal Merge
Coffee Match: Block Puzzle
Color Block Puzzle: Wood Slide
Color Yarn Sort
Cube to Hole Puzzle
Egg Escape: Hole Puzzle
Enchanted Room: Satis Decor
Flag Assemble Puzzle
Goods Mix Puzzle Master!
Grill Party!
Cube Drop Puzzle: Match Color
Meme Merge Mania: Drop Game
Number Cube Merge Puzzle
Pin Jam Puzzle 3D: Screw Sort
Princess Rescue: Save Girl
Merge Fishing
Sand Sorting Challenge
Screw Drop: Color Match
Screw Jam 3D - Screw Puzzle
Sliding Blocks - Wood Puzzle
Snake Puzzle: Slither to Eat!
Sticker Merge Puzzle Game
Truck Stack Jam: Block Game
Wool Mania - Sort Puzzle 3D
Yarn Sort Master: Knit Puzzle
Word String Puzzle
Yarn Fever! Unravel Puzzle
QuizParty-huawei
Replace One Part: Dop Puzzle
Fish Rush - Draw Line To Home
SatisHour: Relaxing Mini Games
Save Men: Draw to Save Puzzle
Find Hidden Meow: Cat Search!
Shape Shift: Car Race Games
Web Shooting Master
Slice The Pool
Slide Color Block: 3D Puzzle
Screw Nuts & Bolts: Wood Solve
Water Sort - IOPlus - Android
Gun Sound & Taser Simulator
Spot the Differences: Fun Find
Stickman Merge Master
Makeup Stories: ASMR Beauty
Super Stylist: Dress Up Game
Web Shooter Game: Spider Hero
The Ink Shop - Tattoo Art ASMR
Boba Tea: Drink Simulator
Thief Master - Steal Games
Thief Troll - Stickman Robber
Supermarket 3D: Shop Simulator
Bomb Prank: Bomb Gun Simulator
TipTop Challenge Collection
Treasure Rush Draw Line Puzzle
Troll Run Dino: Troll Again
Prank Video Call - Fake Chat
Empire Of Warriors
Wood Block Puzzle - Android
